Chunk,2010 Census Population,Prefixes
010_0,210857,"['0100', '0101', '0102', '0103']"
010_1,238700,"['0104', '0105', '0106', '0107', '0108']"
010_2,19818,['0109']
015_0,244841,"['0150', '0151', '0152', '0153', '0154', '0155']"
015_1,128878,"['0156', '0157', '0158', '0159']"
017_0,207777,"['0170', '0171', '0172', '0173', '0174']"
017_1,171250,"['0175', '0176', '0177', '0178', '0179']"
018_0,184413,"['0180', '0181', '0182']"
018_1,227505,"['0183', '0184']"
018_2,210817,"['0185', '0186', '0187']"
018_3,90391,"['0188', '0189']"
019_0,231079,"['0190', '0191', '0192']"
019_1,245235,"['0193', '0194', '0195', '0196', '0197', '0198', '0199']"
01_0,168835,['011']
01_1,213800,"['012', '013']"
01_2,211812,['014']
01_3,188402,['016']
020_0,184275,"['0200', '0201', '0202', '0203', '0204']"
020_1,216096,"['0205', '0206', '0207', '0208', '0209']"
0212_0,243585,"['02120', '02121', '02122', '02123', '02124', '02125', '02126', '02127', '02128']"
0212_1,16439,['02129']
0213_0,220173,"['02130', '02131', '02132', '02133', '02134', '02135', '02136', '02137', '02138']"
0213_1,36349,['02139']
021_0,136539,"['0210', '0211']"
021_1,207555,['0214']
021_2,220030,"['0215', '0216']"
021_3,203272,"['0217', '0218', '0219']"
023_0,241125,"['0230', '0231', '0232', '0233', '0234']"
023_1,199938,"['0235', '0236', '0237', '0238', '0239']"
024_0,242552,"['0240', '0241', '0242', '0243', '0244', '0245', '0246']"
024_1,166219,"['0247', '0248', '0249']"
027_0,195535,"['0270', '0271', '0272', '0273']"
027_1,224750,"['0274', '0275', '0276']"
027_2,106051,"['0277', '0278', '0279']"
028_0,212218,"['0280', '0281', '0282', '0283', '0284']"
028_1,239752,"['0285', '0286', '0287']"
028_2,221007,"['0288', '0289']"
029_0,202201,['0290']
029_1,177403,"['0291', '0292', '0293', '0294', '0295', '0296', '0297', '0298', '0299']"
02_0,144836,"['022', '025']"
02_1,147883,['026']
030_0,208561,"['0300', '0301', '0302', '0303', '0304', '0305']"
030_1,168986,"['0306', '0307', '0308', '0309']"
038_0,209755,"['0380', '0381', '0382', '0383', '0384', '0385']"
038_1,110545,"['0386', '0387', '0388', '0389']"
03_0,148310,['031']
03_1,249228,"['032', '033']"
03_2,221188,"['034', '035', '036', '037']"
03_3,48241,['039']
040_0,195599,"['0400', '0401', '0402', '0403', '0404', '0405', '0406']"
040_1,140850,"['0407', '0408', '0409']"
04_0,112827,['041']
04_1,176789,['042']
04_2,82079,['043']
04_3,225373,"['044', '045']"
04_4,185746,"['046', '047', '048']"
04_5,160751,['049']
05_0,161652,"['050', '051', '052', '053']"
05_1,233934,"['054', '055']"
05_2,230155,"['056', '057', '058', '059']"
060_0,228185,"['0600', '0601', '0602', '0603']"
060_1,222675,"['0604', '0605', '0606']"
060_2,222204,"['0607', '0608', '0609']"
061_0,130465,['0610']
061_1,166124,"['0611', '0612', '0613', '0614', '0615', '0616', '0617', '0618', '0619']"
063_0,234847,"['0630', '0631', '0632', '0633', '0634', '0635', '0636', '0637']"
063_1,33864,"['0638', '0639']"
064_0,246228,"['0640', '0641', '0642', '0643', '0644']"
064_1,187607,"['0645', '0646']"
064_2,232688,"['0647', '0648']"
064_3,52204,['0649']
0651_0,238999,"['06510', '06511', '06512', '06513', '06514', '06515', '06516', '06517']"
0651_1,36276,"['06518', '06519']"
065_0,14553,"['0650', '0652', '0653', '0654', '0655', '0656', '0657', '0658', '0659']"
067_0,237096,"['0670', '0671', '0672', '0673', '0674', '0675', '0676', '0677']"
067_1,96311,"['0678', '0679']"
068_0,212715,"['0680', '0681', '0682']"
068_1,220841,"['0683', '0684', '0685', '0686', '0687', '0688']"
068_2,31487,['0689']
06_0,167357,['062']
06_1,239121,['066']
06_2,122486,['069']
070_0,209424,['0700']
070_1,194134,['0701']
070_2,128535,['0702']
070_3,205290,['0703']
070_4,157159,['0704']
070_5,207395,['0705']
070_6,147322,['0706']
070_7,119801,['0707']
070_8,180297,['0708']
070_9,134060,['0709']
0710_0,236072,"['07100', '07101', '07102', '07103', '07104', '07105', '07106', '07107', '07108']"
0710_1,35897,['07109']
071_0,123458,"['0711', '0712', '0713', '0714', '0715', '0716', '0717', '0718', '0719']"
074_0,222917,"['0740', '0741', '0742', '0743']"
074_1,238156,"['0744', '0745', '0746', '0747', '0748', '0749']"
076_0,191562,"['0760', '0761', '0762', '0763']"
076_1,244726,"['0764', '0765', '0766']"
076_2,55717,"['0767', '0768', '0769']"
077_0,113412,"['0770', '0771']"
077_1,146026,['0772']
077_2,235377,"['0773', '0774']"
077_3,106380,"['0775', '0776', '0777', '0778', '0779']"
078_0,214013,"['0780', '0781', '0782', '0783', '0784', '0785']"
078_1,146625,"['0786', '0787', '0788', '0789']"
079_0,244967,"['0790', '0791', '0792', '0793', '0794', '0795', '0796', '0797']"
079_1,11172,"['0798', '0799']"
07_0,180747,['072']
07_1,247530,['073']
07_2,198394,['075']
080_0,220438,"['0800', '0801']"
080_1,185750,"['0802', '0803']"
080_2,82677,['0804']
080_3,200234,['0805']
080_4,173496,"['0806', '0807']"
080_5,183974,['0808']
080_6,115804,['0809']
082_0,243487,"['0820', '0821', '0822', '0823', '0824', '0825', '0826']"
082_1,8492,"['0827', '0828', '0829']"
085_0,206643,"['0850', '0851', '0852', '0853']"
085_1,103522,"['0854', '0855', '0856', '0857', '0858', '0859']"
086_0,236429,"['0860', '0861', '0862', '0863', '0864', '0865', '0866', '0867', '0868']"
086_1,33671,['0869']
087_0,199236,"['0870', '0871', '0872']"
087_1,82307,"['0873', '0874']"
087_2,172317,"['0875', '0876', '0877', '0878', '0879']"
088_0,185738,"['0880', '0881']"
088_1,218280,"['0882', '0883']"
088_2,225272,"['0884', '0885']"
088_3,221630,"['0886', '0887']"
088_4,47091,"['0888', '0889']"
08_0,158692,['081']
08_1,242236,['083']
08_2,167913,"['084', '089']"
1001_0,242554,"['10010', '10011', '10012', '10013', '10014', '10015', '10016', '10017', '10018']"
1001_1,42870,['10019']
1002_0,195836,"['10020', '10021', '10022', '10023', '10024']"
1002_1,233451,"['10025', '10026', '10027', '10028']"
1002_2,76003,['10029']
1003_0,233602,"['10030', '10031', '10032', '10033', '10034']"
1003_1,120923,"['10035', '10036', '10037', '10038', '10039']"
100_0,240106,['1000']
100_1,117156,"['1004', '1005', '1006', '1007', '1008', '1009']"
1030_0,239078,"['10300', '10301', '10302', '10303', '10304', '10305', '10306', '10307']"
1030_1,59876,"['10308', '10309']"
103_0,169776,"['1031', '1032', '1033', '1034', '1035', '1036', '1037', '1038', '1039']"
1045_0,236730,"['10450', '10451', '10452', '10453', '10454']"
1045_1,196708,"['10455', '10456', '10457']"
1045_2,126800,"['10458', '10459']"
1046_0,183597,"['10460', '10461', '10462']"
1046_1,182547,"['10463', '10464', '10465', '10466']"
1046_2,239794,"['10467', '10468', '10469']"
104_0,216304,"['1040', '1041', '1042', '1043', '1044', '1047', '1048', '1049']"
105_0,210250,"['1050', '1051', '1052', '1053']"
105_1,222796,"['1054', '1055', '1056']"
105_2,212966,"['1057', '1058', '1059']"
109_0,181386,"['1090', '1091', '1092', '1093', '1094']"
109_1,189476,"['1095', '1096']"
109_2,166449,"['1097', '1098', '1099']"
10_0,156004,"['101', '102', '106']"
10_1,227049,['107']
10_2,85822,['108']
1120_0,245802,"['11200', '11201', '11202', '11203', '11204', '11205']"
1120_1,175063,"['11206', '11207']"
1120_2,163322,"['11208', '11209']"
1121_0,236625,"['11210', '11211', '11212']"
1121_1,215885,"['11213', '11214', '11215']"
1121_2,165417,"['11216', '11217', '11218']"
1121_3,92221,['11219']
1122_0,215427,"['11220', '11221', '11222']"
1122_1,183181,"['11223', '11224', '11225']"
1122_2,223378,"['11226', '11227', '11228', '11229']"
1123_0,215062,"['11230', '11231', '11232', '11233']"
1123_1,166889,"['11234', '11235']"
1123_2,206428,"['11236', '11237', '11238', '11239']"
1136_0,203687,"['11360', '11361', '11362', '11363', '11364', '11365', '11366', '11367']"
1136_1,148546,"['11368', '11369']"
1137_0,207144,"['11370', '11371', '11372', '11373']"
1137_1,237144,"['11374', '11375', '11376', '11377', '11378']"
1137_2,34821,['11379']
113_0,240883,"['1130', '1131', '1132', '1133', '1134', '1135']"
113_1,98592,"['1138', '1139']"
1141_0,227923,"['11410', '11411', '11412', '11413', '11414', '11415', '11416', '11417', '11418']"
1141_1,47211,['11419']
114_0,229349,"['1140', '1142']"
114_1,224445,"['1143', '1144', '1145', '1146', '1147', '1148', '1149']"
115_0,201840,"['1150', '1151', '1152', '1153', '1154']"
115_1,168603,['1155']
115_2,219624,"['1156', '1157']"
115_3,130533,"['1158', '1159']"
117_0,175486,['1170']
117_1,150444,['1171']
117_2,179947,['1172']
117_3,118234,['1173']
117_4,182842,['1174']
117_5,210146,['1175']
117_6,123376,['1176']
117_7,139314,['1177']
117_8,144113,['1178']
117_9,142047,['1179']
11_0,246333,['110']
11_1,204715,['111']
11_2,187668,"['116', '118']"
11_3,249449,['119']
120_0,190504,"['1200', '1201', '1202', '1203', '1204', '1205']"
120_1,140350,"['1206', '1207', '1208', '1209']"
121_0,146840,"['1210', '1211', '1212', '1213', '1214', '1215', '1216', '1217']"
121_1,133606,"['1218', '1219']"
125_0,190564,"['1250', '1251', '1252', '1253', '1254']"
125_1,217245,"['1255', '1256', '1257', '1258']"
125_2,40863,['1259']
12_0,151022,['122']
12_1,162643,['123']
12_2,241055,"['124', '126']"
12_3,99295,['127']
12_4,225336,['128']
12_5,164172,['129']
130_0,236772,"['1300', '1301', '1302', '1303', '1304', '1305']"
130_1,151664,"['1306', '1307', '1308', '1309']"
13_0,180039,['131']
13_1,229807,['132']
13_2,142936,['133']
13_3,187435,['134']
13_4,71803,['135']
13_5,236059,['136']
13_6,138362,['137']
13_7,222029,"['138', '139']"
140_0,227752,"['1400', '1401', '1402', '1403', '1404', '1405']"
140_1,217122,"['1406', '1407', '1408', '1409']"
1422_0,240460,"['14220', '14221', '14222', '14223', '14224', '14225', '14226', '14227']"
1422_1,20857,"['14228', '14229']"
142_0,89123,['1420']
142_1,214384,"['1421', '1423', '1424', '1425', '1426', '1427', '1428', '1429']"
144_0,207744,"['1440', '1441', '1442', '1443', '1444', '1445']"
144_1,97166,"['1446', '1447', '1448', '1449']"
145_0,243377,"['1450', '1451', '1452', '1453', '1454', '1455', '1456', '1457']"
145_1,76870,"['1458', '1459']"
146_0,113670,['1460']
146_1,187189,['1461']
146_2,177268,"['1462', '1463', '1464', '1465', '1466', '1467', '1468', '1469']"
148_0,238281,"['1480', '1481', '1482', '1483', '1484', '1485', '1486', '1487']"
148_1,45439,"['1488', '1489']"
14_0,200100,['141']
14_1,245928,"['143', '147']"
14_2,49642,['149']
150_0,207033,"['1500', '1501', '1502', '1503']"
150_1,241139,"['1504', '1505', '1506', '1507', '1508', '1509']"
151_0,201828,"['1510', '1511', '1512']"
151_1,163590,"['1513', '1514', '1515', '1516', '1517', '1518', '1519']"
152_0,135268,['1520']
152_1,203858,['1521']
152_2,144083,['1522']
152_3,204067,"['1523', '1524', '1525', '1526', '1527', '1528', '1529']"
156_0,231579,"['1560', '1561', '1562', '1563', '1564', '1565']"
156_1,79994,"['1566', '1567', '1568', '1569']"
15_0,183946,['153']
15_1,234340,"['154', '155']"
15_2,201331,"['157', '158']"
15_3,145876,['159']
16_0,193259,['160']
16_1,223194,['161']
16_2,238467,"['162', '163']"
16_3,130386,['164']
16_4,187498,['165']
16_5,207861,['166']
16_6,245763,"['167', '168']"
16_7,64601,['169']
170_0,213042,"['1700', '1701', '1702']"
170_1,170915,"['1703', '1704']"
170_2,230938,"['1705', '1706', '1707', '1708', '1709']"
173_0,232501,"['1730', '1731', '1732', '1733', '1734']"
173_1,103099,"['1735', '1736', '1737', '1738', '1739']"
175_0,202947,"['1750', '1751', '1752', '1753', '1754']"
175_1,121407,"['1755', '1756', '1757', '1758', '1759']"
17_0,165527,['171']
17_1,205144,['172']
17_2,175624,['174']
17_3,164596,['176']
17_4,170431,['177']
17_5,238440,['178']
17_6,125636,['179']
180_0,206796,"['1800', '1801', '1802', '1803']"
180_1,247717,"['1804', '1805', '1806']"
180_2,77677,"['1807', '1808', '1809']"
189_0,216203,"['1890', '1891', '1892', '1893', '1894', '1895']"
189_1,149829,"['1896', '1897', '1898', '1899']"
18_0,166081,['181']
18_1,138615,['182']
18_2,179674,['183']
18_3,199405,['184']
18_4,118833,['185']
18_5,178420,['186']
18_6,211826,"['187', '188']"
190_0,135314,['1900']
190_1,124449,['1901']
190_2,236092,"['1902', '1903']"
190_3,216243,"['1904', '1905']"
190_4,223878,"['1906', '1907']"
190_5,183662,"['1908', '1909']"
1912_0,245152,"['19120', '19121', '19122', '19123', '19124', '19125', '19126']"
1912_1,52127,"['19127', '19128', '19129']"
1913_0,224139,"['19130', '19131', '19132', '19133', '19134', '19135']"
1913_1,122829,"['19136', '19137', '19138', '19139']"
1914_0,223282,"['19140', '19141', '19142', '19143', '19144']"
1914_1,223340,"['19145', '19146', '19147', '19148', '19149']"
191_0,105036,['1910']
191_1,197292,['1911']
191_2,133009,"['1915', '1916', '1917', '1918', '1919']"
193_0,229869,"['1930', '1931', '1932', '1933', '1934']"
193_1,202381,"['1935', '1936', '1937', '1938', '1939']"
194_0,227682,"['1940', '1941', '1942', '1943']"
194_1,113955,"['1944', '1945']"
194_2,171853,"['1946', '1947', '1948', '1949']"
197_0,246085,"['1970', '1971']"
197_1,71783,"['1972', '1973', '1974', '1975', '1976', '1977', '1978', '1979']"
199_0,218625,"['1990', '1991', '1992', '1993', '1994', '1995']"
199_1,145813,"['1996', '1997', '1998', '1999']"
19_0,217494,"['192', '195']"
19_1,213013,['196']
19_2,215619,['198']
200_0,237382,['2000']
200_1,238926,['2001']
200_2,123352,"['2002', '2003', '2004', '2005', '2006', '2007', '2008', '2009']"
201_0,166505,"['2010', '2011']"
201_1,224153,"['2012', '2013', '2014']"
201_2,179471,"['2015', '2016']"
201_3,205872,"['2017', '2018']"
201_4,64154,['2019']
206_0,202402,"['2060', '2061', '2062', '2063', '2064']"
206_1,133853,"['2065', '2066', '2067', '2068', '2069']"
2074_0,223274,"['20740', '20741', '20742', '20743', '20744', '20745', '20746', '20747']"
2074_1,38792,"['20748', '20749']"
207_0,198467,"['2070', '2071']"
207_1,216026,"['2072', '2073', '2075', '2076']"
207_2,120605,['2077']
207_3,165086,"['2078', '2079']"
208_0,162635,"['2080', '2081', '2082', '2083', '2084']"
208_1,213223,"['2085', '2086']"
208_2,230224,['2087']
208_3,67897,"['2088', '2089']"
209_0,244650,['2090']
209_1,62252,"['2091', '2092', '2093', '2094', '2095', '2096', '2097', '2098', '2099']"
20_0,2063,"['202', '203', '204', '205']"
210_0,232245,"['2100', '2101', '2102', '2103']"
210_1,222337,['2104']
210_2,222134,"['2105', '2106', '2107', '2108']"
210_3,46249,['2109']
211_0,229101,"['2110', '2111', '2112']"
211_1,226692,"['2113', '2114', '2115', '2116', '2117', '2118', '2119']"
2121_0,246605,"['21210', '21211', '21212', '21213', '21214', '21215', '21216', '21217']"
2121_1,59175,"['21218', '21219']"
2122_0,246184,"['21220', '21221', '21222', '21223', '21224', '21225']"
2122_1,133885,"['21226', '21227', '21228', '21229']"
212_0,235564,['2120']
212_1,216394,['2123']
212_2,60828,"['2124', '2125', '2126', '2127', '2128', '2129']"
217_0,160964,"['2170', '2171', '2172', '2173']"
217_1,196742,"['2174', '2175', '2176', '2177']"
217_2,113251,"['2178', '2179']"
21_0,196590,"['213', '214', '215']"
21_1,169948,['216']
21_2,178170,['218']
21_3,101117,['219']
220_0,133091,"['2200', '2201', '2202']"
220_1,170293,['2203']
220_2,175191,"['2204', '2205', '2206', '2207', '2208', '2209']"
221_0,190098,"['2210', '2211', '2212', '2213', '2214', '2215', '2216', '2217']"
221_1,247272,"['2218', '2219']"
223_0,187852,['2230']
223_1,133638,"['2231', '2232', '2233', '2234', '2235', '2236', '2237', '2238', '2239']"
229_0,220427,"['2290', '2291', '2292', '2293', '2294', '2295', '2296', '2297']"
229_1,31563,"['2298', '2299']"
22_0,208058,['222']
22_1,212145,['224']
22_2,187911,['225']
22_3,182874,['226']
22_4,241824,"['227', '228']"
231_0,246152,"['2310', '2311', '2312', '2313', '2314', '2315']"
231_1,114844,"['2316', '2317', '2318', '2319']"
2322_0,234340,"['23220', '23221', '23222', '23223', '23224', '23225', '23226', '23227']"
2322_1,66481,"['23228', '23229']"
232_0,236086,"['2320', '2321', '2323', '2324', '2325', '2326', '2327', '2328', '2329']"
233_0,246694,"['2330', '2331', '2332', '2333', '2334']"
233_1,7495,"['2335', '2336', '2337', '2338', '2339']"
2345_0,245046,"['23450', '23451', '23452', '23453', '23454', '23455']"
2345_1,57128,"['23456', '23457', '23458', '23459']"
234_0,123352,"['2340', '2341', '2342', '2343', '2344']"
234_1,142787,"['2346', '2347', '2348', '2349']"
236_0,185691,"['2360', '2361', '2362', '2363', '2364', '2365']"
236_1,198011,"['2366', '2367', '2368', '2369']"
238_0,238925,"['2380', '2381', '2382', '2383', '2384']"
238_1,101074,"['2385', '2386', '2387', '2388', '2389']"
23_0,220092,['230']
23_1,242803,['235']
23_2,203041,"['237', '239']"
240_0,189953,"['2400', '2401', '2402', '2403', '2404', '2405']"
240_1,165238,"['2406', '2407', '2408', '2409']"
245_0,237503,"['2450', '2451', '2452', '2453', '2454']"
245_1,141065,"['2455', '2456', '2457', '2458', '2459']"
24_0,230435,['241']
24_1,196742,['242']
24_2,153553,['243']
24_3,214316,"['244', '246']"
24_4,154083,"['247', '248', '249']"
25_0,203494,"['250', '251', '252']"
25_1,116525,['253']
25_2,177989,['254']
25_3,193728,"['255', '256']"
25_4,211020,"['257', '258', '259']"
26_0,132765,['260']
26_1,218146,"['261', '262']"
26_2,147624,"['263', '264']"
26_3,208485,"['265', '266']"
26_4,88915,"['267', '268', '269']"
270_0,246719,"['2700', '2701', '2702', '2703', '2704']"
270_1,41660,"['2705', '2706', '2707', '2708', '2709']"
271_0,216806,"['2710', '2711']"
271_1,34138,"['2712', '2713', '2714', '2715', '2716', '2717', '2718', '2719']"
272_0,212728,"['2720', '2721', '2722', '2723', '2724']"
272_1,178183,"['2725', '2726', '2727']"
272_2,191540,"['2728', '2729']"
273_0,223552,"['2730', '2731', '2732', '2733']"
273_1,155512,"['2734', '2735', '2736', '2737', '2738', '2739']"
274_0,224074,['2740']
274_1,81094,"['2741', '2742', '2743', '2744', '2745', '2746', '2747', '2748', '2749']"
275_0,86484,['2750']
275_1,237831,['2751']
275_2,189193,['2752']
275_3,245679,"['2753', '2754']"
275_4,226744,"['2755', '2756', '2757', '2758']"
275_5,72633,['2759']
2761_0,217048,"['27610', '27611', '27612', '27613', '27614', '27615']"
2761_1,57493,"['27616', '27617', '27618', '27619']"
276_0,214973,"['2760', '2762', '2763', '2764', '2765', '2766', '2767', '2768', '2769']"
277_0,190094,['2770']
277_1,66695,"['2771', '2772', '2773', '2774', '2775', '2776', '2777', '2778', '2779']"
278_0,235404,"['2780', '2781', '2782', '2783', '2784']"
278_1,231366,"['2785', '2786', '2787', '2788']"
278_2,85048,['2789']
27_0,198549,['279']
280_0,204217,"['2800', '2801', '2802']"
280_1,211587,"['2803', '2804', '2805', '2806']"
280_2,196553,"['2807', '2808']"
280_3,58018,['2809']
281_0,242400,"['2810', '2811']"
281_1,234589,"['2812', '2813', '2814', '2815']"
281_2,110691,"['2816', '2817', '2818', '2819']"
2821_0,234902,"['28210', '28211', '28212', '28213', '28214', '28215']"
2821_1,71412,"['28216', '28217', '28218', '28219']"
282_0,233820,"['2820', '2822', '2823', '2824', '2825']"
282_1,108595,['2826']
282_2,141960,"['2827', '2828', '2829']"
283_0,149013,['2830']
283_1,200432,"['2831', '2832']"
283_2,209206,"['2833', '2834', '2835']"
283_3,222309,"['2836', '2837', '2838']"
283_4,49351,['2839']
284_0,225571,"['2840', '2841', '2842']"
284_1,244199,"['2843', '2844', '2845', '2846', '2847', '2848', '2849']"
285_0,150551,"['2850', '2851', '2852', '2853']"
285_1,224607,"['2854', '2855', '2856']"
285_2,121556,"['2857', '2858', '2859']"
286_0,241105,"['2860', '2861', '2862']"
286_1,249176,"['2863', '2864', '2865']"
286_2,142208,"['2866', '2867', '2868', '2869']"
287_0,177011,"['2870', '2871', '2872']"
287_1,248867,"['2873', '2874', '2875', '2876', '2877']"
287_2,112048,"['2878', '2879']"
28_0,158283,"['288', '289']"
290_0,226789,"['2900', '2901', '2902', '2903', '2904', '2905']"
290_1,192739,"['2906', '2907', '2908', '2909']"
291_0,180389,"['2910', '2911', '2912', '2913', '2914']"
291_1,191251,"['2915', '2916', '2917', '2918', '2919']"
292_0,237899,"['2920', '2921']"
292_1,95598,"['2922', '2923', '2924', '2925', '2926', '2927', '2928', '2929']"
293_0,200015,"['2930', '2931', '2932', '2933']"
293_1,192154,"['2934', '2935', '2936', '2937', '2938', '2939']"
294_0,234719,"['2940', '2941']"
294_1,206209,"['2942', '2943', '2944', '2945']"
294_2,139838,"['2946', '2947']"
294_3,150744,"['2948', '2949']"
295_0,245739,"['2950', '2951', '2952', '2953']"
295_1,157283,"['2954', '2955', '2956']"
295_2,232139,"['2957', '2958', '2959']"
296_0,201862,"['2960', '2961']"
296_1,166706,"['2962', '2963']"
296_2,145845,['2964']
296_3,246302,"['2965', '2966', '2967']"
296_4,196592,"['2968', '2969']"
297_0,209581,"['2970', '2971', '2972']"
297_1,142429,"['2973', '2974', '2975', '2976', '2977', '2978', '2979']"
29_0,221822,['298']
29_1,210720,['299']
3004_0,187643,"['30040', '30041', '30042', '30043']"
3004_1,208286,"['30044', '30045', '30046', '30047', '30048', '30049']"
3006_0,240892,"['30060', '30061', '30062', '30063', '30064', '30065', '30066', '30067']"
3006_1,31595,"['30068', '30069']"
300_0,136880,['3000']
300_1,213627,['3001']
300_2,182414,['3002']
300_3,246717,['3003']
300_4,129899,['3005']
300_5,155345,['3007']
300_6,224133,['3008']
300_7,220279,['3009']
301_0,154090,['3010']
301_1,164838,['3011']
301_2,206489,['3012']
301_3,144978,['3013']
301_4,214546,"['3014', '3015']"
301_5,146444,"['3016', '3017']"
301_6,150940,"['3018', '3019']"
302_0,235150,"['3020', '3021', '3022']"
302_1,191841,"['3023', '3024']"
302_2,106456,['3025']
302_3,232881,"['3026', '3027']"
302_4,234675,"['3028', '3029']"
3031_0,236678,"['30310', '30311', '30312', '30313', '30314', '30315', '30316', '30317', '30318']"
3031_1,38423,['30319']
303_0,218628,"['3030', '3032']"
303_1,121462,['3033']
303_2,218269,['3034']
303_3,66813,"['3035', '3036', '3037', '3038', '3039']"
305_0,120577,['3050']
305_1,209551,"['3051', '3052']"
305_2,228212,"['3053', '3054', '3055']"
305_3,68956,"['3056', '3057', '3058', '3059']"
306_0,234410,"['3060', '3061', '3062', '3063', '3064']"
306_1,149628,"['3065', '3066', '3067', '3068', '3069']"
307_0,205436,"['3070', '3071', '3072']"
307_1,162115,"['3073', '3074', '3075', '3076', '3077', '3078', '3079']"
30_0,224606,['304']
30_1,187708,['308']
30_2,202193,['309']
310_0,198240,"['3100', '3101', '3102']"
310_1,212359,"['3103', '3104', '3105', '3106', '3107']"
310_2,131283,"['3108', '3109']"
315_0,216994,"['3150', '3151', '3152', '3153']"
315_1,117365,"['3154', '3155', '3156', '3157', '3158', '3159']"
317_0,243001,"['3170', '3171', '3172', '3173', '3174', '3175', '3176']"
317_1,129878,"['3177', '3178', '3179']"
31_0,165895,"['311', '312']"
31_1,204505,['313']
31_2,236823,['314']
31_3,191534,['316']
31_4,86317,['318']
31_5,189947,['319']
320_0,229508,"['3200', '3201', '3202', '3203', '3204', '3205']"
320_1,178629,"['3206', '3207']"
320_2,190159,"['3208', '3209']"
321_0,190322,"['3210', '3211', '3212']"
321_1,137559,"['3213', '3214', '3215']"
321_2,237045,"['3216', '3217', '3218', '3219']"
322_0,159205,['3220']
322_1,210592,['3221']
322_2,213457,"['3222', '3223']"
322_3,106158,['3224']
322_4,214069,"['3225', '3226', '3227', '3228', '3229']"
323_0,194643,['3230']
323_1,232572,"['3231', '3232', '3233', '3234', '3235', '3236', '3237', '3238', '3239']"
324_0,232702,"['3240', '3241', '3242', '3243']"
324_1,107548,"['3244', '3245', '3246', '3247', '3248', '3249']"
325_0,240888,"['3250', '3251', '3252']"
325_1,175505,"['3253', '3254', '3255']"
325_2,222119,"['3256', '3257', '3258', '3259']"
326_0,224015,"['3260', '3261', '3262', '3263']"
326_1,132693,"['3264', '3265', '3266', '3267', '3268', '3269']"
327_0,246524,"['3270', '3271']"
327_1,239031,"['3272', '3273', '3274']"
327_2,179623,"['3275', '3276']"
327_3,205320,"['3277', '3278']"
327_4,69603,['3279']
3282_0,208560,"['32820', '32821', '32822', '32823', '32824', '32825', '32826', '32827']"
3282_1,75703,"['32828', '32829']"
328_0,199584,['3280']
328_1,211022,['3281']
328_2,183374,"['3283', '3284', '3285', '3286', '3287', '3288', '3289']"
329_0,245896,"['3290', '3291', '3292']"
329_1,135976,"['3293', '3294']"
329_2,234050,"['3295', '3296', '3297', '3298', '3299']"
3301_0,192941,"['33010', '33011', '33012', '33013', '33014']"
3301_1,170110,"['33015', '33016', '33017', '33018', '33019']"
3302_0,214742,"['33020', '33021', '33022', '33023', '33024']"
3302_1,217131,"['33025', '33026', '33027', '33028', '33029']"
3306_0,227771,"['33060', '33061', '33062', '33063', '33064', '33065', '33066']"
3306_1,101982,"['33067', '33068', '33069']"
330_0,225208,"['3300', '3303']"
330_1,160065,"['3304', '3305']"
330_2,101227,"['3307', '3308', '3309']"
3313_0,218410,"['33130', '33131', '33132', '33133', '33134', '33135', '33136', '33137', '33138']"
3313_1,38613,['33139']
3314_0,212128,"['33140', '33141', '33142', '33143', '33144', '33145', '33146']"
3314_1,59322,"['33147', '33148', '33149']"
3316_0,235335,"['33160', '33161', '33162', '33163', '33164', '33165', '33166', '33167']"
3316_1,65145,"['33168', '33169']"
3317_0,218958,"['33170', '33171', '33172', '33173', '33174', '33175', '33176']"
3317_1,134012,"['33177', '33178', '33179']"
3318_0,233847,"['33180', '33181', '33182', '33183', '33184', '33185', '33186', '33187', '33188']"
3318_1,23828,['33189']
331_0,150443,"['3310', '3311', '3312']"
331_1,186805,['3315']
331_2,108999,['3319']
3331_0,248622,"['33310', '33311', '33312', '33313', '33314', '33315', '33316', '33317', '33318']"
3331_1,44420,['33319']
3332_0,225446,"['33320', '33321', '33322', '33323', '33324', '33325', '33326', '33327']"
3332_1,27415,"['33328', '33329']"
333_0,219705,"['3330', '3333', '3334', '3335', '3336', '3337', '3338', '3339']"
3341_0,226072,"['33410', '33411', '33412', '33413', '33414', '33415', '33416']"
3341_1,65173,"['33417', '33418', '33419']"
334_0,244227,"['3340', '3342']"
334_1,229811,['3343']
334_2,226912,"['3344', '3345']"
334_3,219440,['3346']
334_4,215859,"['3347', '3348', '3349']"
335_0,163800,"['3350', '3351', '3352', '3353']"
335_1,207287,"['3354', '3355']"
335_2,244261,"['3356', '3357', '3358']"
335_3,93742,['3359']
3361_0,248753,"['33610', '33611', '33612', '33613', '33614', '33615', '33616']"
3361_1,101594,"['33617', '33618', '33619']"
336_0,140459,['3360']
336_1,226449,"['3362', '3363', '3364', '3365', '3366', '3367', '3368', '3369']"
337_0,192861,['3370']
337_1,223571,"['3371', '3372', '3373', '3374', '3375']"
337_2,105013,['3376']
337_3,210418,"['3377', '3378', '3379']"
338_0,237282,"['3380', '3381']"
338_1,228311,"['3382', '3383', '3384', '3385']"
338_2,238422,"['3386', '3387', '3388', '3389']"
339_0,185600,['3390']
339_1,227750,"['3391', '3392', '3393']"
339_2,210292,"['3394', '3395', '3396', '3397']"
339_3,109797,"['3398', '3399']"
341_0,249855,"['3410', '3411']"
341_1,122937,"['3412', '3413', '3414', '3415', '3416', '3417', '3418', '3419']"
342_0,240931,"['3420', '3421']"
342_1,97758,['3422']
342_2,238976,"['3423', '3424', '3425']"
342_3,177260,"['3426', '3427', '3428', '3429']"
344_0,180123,"['3440', '3441', '3442', '3443', '3444', '3445', '3446']"
344_1,248551,"['3447', '3448', '3449']"
346_0,230104,"['3460', '3461', '3462', '3463', '3464']"
346_1,223732,"['3465', '3466', '3467']"
346_2,198053,"['3468', '3469']"
347_0,116414,"['3470', '3471', '3472', '3473']"
347_1,205562,['3474']
347_2,169837,"['3475', '3476', '3477']"
347_3,110393,"['3478', '3479']"
349_0,236130,"['3490', '3491', '3492', '3493', '3494', '3495', '3496', '3497']"
349_1,205170,"['3498', '3499']"
350_0,244097,"['3500', '3501', '3502', '3503', '3504']"
350_1,198093,"['3505', '3506', '3507', '3508', '3509']"
351_0,247013,"['3510', '3511', '3512', '3513', '3514', '3515', '3516']"
351_1,77760,"['3517', '3518', '3519']"
352_0,104407,['3520']
352_1,188945,['3521']
352_2,200454,"['3522', '3523', '3524', '3525', '3526', '3527', '3528', '3529']"
356_0,213925,"['3560', '3561', '3562', '3563']"
356_1,164426,"['3564', '3565', '3566', '3567', '3568', '3569']"
359_0,223042,"['3590', '3591', '3592', '3593', '3594', '3595', '3596']"
359_1,63520,"['3597', '3598', '3599']"
35_0,225321,"['353', '354']"
35_1,158109,['355']
35_2,221819,['357']
35_3,190178,['358']
360_0,213494,"['3600', '3601', '3602', '3603', '3604', '3605', '3606', '3607']"
360_1,75673,"['3608', '3609']"
365_0,242106,"['3650', '3651', '3652', '3653', '3654', '3655']"
365_1,117618,"['3656', '3657', '3658', '3659']"
366_0,220496,"['3660', '3661', '3662', '3663', '3664', '3665', '3666', '3667', '3668']"
366_1,62965,['3669']
36_0,214703,['361']
36_1,185658,['362']
36_2,237766,['363']
36_3,223801,"['364', '367']"
36_4,245035,['368']
36_5,19164,['369']
370_0,229767,"['3700', '3701', '3702', '3703']"
370_1,211592,"['3704', '3705']"
370_2,151555,['3706']
370_3,148268,['3707']
370_4,153040,"['3708', '3709']"
371_0,227815,"['3710', '3711', '3712']"
371_1,244587,"['3713', '3714', '3715', '3716']"
371_2,139004,"['3717', '3718', '3719']"
372_0,162211,['3720']
372_1,224815,['3721']
372_2,44310,"['3722', '3723', '3724', '3725', '3726', '3727', '3728', '3729']"
373_0,197738,"['3730', '3731', '3732']"
373_1,233263,"['3733', '3734', '3735', '3736']"
373_2,133573,"['3737', '3738', '3739']"
376_0,229159,"['3760', '3761', '3762', '3763', '3764']"
376_1,181938,"['3765', '3766', '3767', '3768', '3769']"
377_0,213497,"['3770', '3771', '3772', '3773', '3774', '3775']"
377_1,129240,"['3776', '3777', '3778', '3779']"
378_0,233709,"['3780', '3781', '3782', '3783']"
378_1,249383,"['3784', '3785', '3786', '3787']"
378_2,40530,"['3788', '3789']"
379_0,170345,"['3790', '3791']"
379_1,221044,"['3792', '3793', '3794', '3795', '3796', '3797', '3798', '3799']"
37_0,198659,"['374', '375']"
380_0,238223,"['3800', '3801']"
380_1,181301,"['3802', '3803', '3804', '3805', '3806', '3807', '3808', '3809']"
3811_0,233242,"['38110', '38111', '38112', '38113', '38114', '38115', '38116', '38117', '38118']"
3811_1,22330,['38119']
381_0,152016,['3810']
381_1,173102,['3812']
381_2,156826,"['3813', '3814', '3815', '3816', '3817', '3818', '3819']"
383_0,239313,"['3830', '3831', '3832', '3833', '3834', '3835', '3836']"
383_1,49008,"['3837', '3838', '3839']"
386_0,176577,"['3860', '3861', '3862', '3863', '3864']"
386_1,230064,"['3865', '3866', '3867', '3868', '3869']"
388_0,248633,"['3880', '3881', '3882', '3883', '3884', '3885', '3886']"
388_1,12452,"['3887', '3888', '3889']"
38_0,116542,['382']
38_1,178359,['384']
38_2,230638,['385']
38_3,232613,"['387', '389']"
390_0,244188,"['3900', '3901', '3902', '3903', '3904', '3905', '3906', '3907', '3908']"
390_1,30823,['3909']
391_0,204906,"['3910', '3911', '3912', '3913', '3914', '3915', '3916', '3917']"
391_1,85227,"['3918', '3919']"
394_0,249745,"['3940', '3941', '3942', '3943', '3944', '3945']"
394_1,121691,"['3946', '3947', '3948', '3949']"
395_0,200912,"['3950', '3951', '3952', '3953', '3954', '3955']"
395_1,182355,"['3956', '3957', '3958', '3959']"
39_0,233060,['392']
39_1,211197,['393']
39_2,132820,['396']
39_3,170060,['397']
39_4,108867,"['398', '399']"
4021_0,224404,"['40210', '40211', '40212', '40213', '40214', '40215', '40216', '40217', '40218']"
4021_1,38032,['40219']
402_0,126577,['4020']
402_1,235776,"['4022', '4023', '4024', '4025', '4026']"
402_2,111495,"['4027', '4028', '4029']"
403_0,240589,"['4030', '4031', '4032', '4033', '4034', '4035', '4036']"
403_1,89596,"['4037', '4038', '4039']"
405_0,165899,['4050']
405_1,131066,"['4051', '4052', '4053', '4054', '4055', '4056', '4057', '4058', '4059']"
40_0,246399,['400']
40_1,144521,['401']
40_2,233800,"['404', '406']"
40_3,211477,"['407', '408', '409']"
410_0,232218,"['4100', '4101', '4102', '4103']"
410_1,209055,"['4104', '4105', '4106', '4107', '4108']"
410_2,50982,['4109']
41_0,248624,"['411', '412', '413', '414']"
41_1,179930,"['415', '416', '417', '418', '419']"
42_0,222568,['420']
42_1,215507,['421']
42_2,156033,['422']
42_3,170425,['423']
42_4,214700,"['424', '425']"
42_5,245875,"['426', '427', '428', '429']"
430_0,174251,"['4300', '4301']"
430_1,176287,"['4302', '4303', '4304']"
430_2,126660,['4305']
430_3,190528,"['4306', '4307']"
430_4,115534,"['4308', '4309']"
431_0,195141,"['4310', '4311', '4312']"
431_1,216090,"['4313', '4314', '4315', '4316', '4317', '4318', '4319']"
432_0,212466,['4320']
432_1,147192,['4321']
432_2,245360,['4322']
432_3,155009,"['4323', '4324', '4325', '4326', '4327', '4328', '4329']"
435_0,228763,"['4350', '4351', '4352', '4353', '4354', '4355']"
435_1,66177,"['4356', '4357', '4358', '4359']"
436_0,129089,['4360']
436_1,216231,"['4361', '4362', '4363', '4364', '4365', '4366', '4367', '4368', '4369']"
43_0,182617,['433']
43_1,163675,['434']
43_2,194158,['437']
43_3,244795,"['438', '439']"
440_0,206919,"['4400', '4401', '4402']"
440_1,160645,"['4403', '4404']"
440_2,219493,"['4405', '4406']"
440_3,164928,"['4407', '4408']"
440_4,100933,['4409']
4410_0,231250,"['44100', '44101', '44102', '44103', '44104', '44105', '44106', '44107', '44108']"
4410_1,40646,['44109']
4412_0,241753,"['44120', '44121', '44122', '44123', '44124', '44125', '44126', '44127', '44128']"
4412_1,29090,['44129']
4413_0,230082,"['44130', '44131', '44132', '44133', '44134', '44135', '44136', '44137']"
4413_1,46688,"['44138', '44139']"
441_0,199144,['4411']
441_1,195532,"['4414', '4415', '4416', '4417', '4418', '4419']"
442_0,215586,"['4420', '4421', '4422']"
442_1,195712,"['4423', '4424', '4425']"
442_2,151131,"['4426', '4427', '4428', '4429']"
443_0,218234,"['4430', '4431']"
443_1,53900,"['4432', '4433', '4434', '4435', '4436', '4437', '4438', '4439']"
444_0,248161,"['4440', '4441', '4442', '4443', '4444', '4445', '4446']"
444_1,98951,"['4447', '4448', '4449']"
446_0,153791,"['4460', '4461', '4462', '4463']"
446_1,199342,"['4464', '4465', '4466', '4467']"
446_2,99523,"['4468', '4469']"
448_0,224783,"['4480', '4481', '4482', '4483', '4484', '4485', '4486']"
448_1,112530,"['4487', '4488', '4489']"
44_0,163222,['445']
44_1,192805,['447']
44_2,92985,['449']
450_0,222899,"['4500', '4501', '4502']"
450_1,210146,"['4503', '4504']"
450_2,151113,"['4505', '4506', '4507', '4508', '4509']"
451_0,216969,"['4510', '4511', '4512', '4513', '4514']"
451_1,121077,"['4515', '4516', '4517', '4518', '4519']"
452_0,235264,"['4520', '4521']"
452_1,92532,['4522']
452_2,209243,['4523']
452_3,209415,['4524']
452_4,48766,"['4525', '4526', '4527', '4528', '4529']"
453_0,209331,"['4530', '4531', '4532', '4533']"
453_1,215773,"['4534', '4535', '4536', '4537']"
453_2,68503,"['4538', '4539']"
454_0,193545,"['4540', '4541']"
454_1,228820,"['4542', '4543', '4544']"
454_2,57629,"['4545', '4546', '4547', '4548', '4549']"
456_0,204212,"['4560', '4561', '4562', '4563', '4564', '4565']"
456_1,146192,"['4566', '4567', '4568', '4569']"
458_0,237693,"['4580', '4581', '4582', '4583', '4584']"
458_1,131523,"['4585', '4586', '4587', '4588', '4589']"
45_0,101826,['455']
45_1,156261,"['457', '459']"
460_0,89769,"['4600', '4601', '4602']"
460_1,216649,"['4603', '4604']"
460_2,208487,"['4605', '4606', '4607', '4608', '4609']"
461_0,206143,"['4610', '4611', '4612', '4613']"
461_1,188040,"['4614', '4615']"
461_2,131056,"['4616', '4617', '4618', '4619']"
4622_0,238670,"['46220', '46221', '46222', '46223', '46224', '46225', '46226', '46227']"
4622_1,42017,"['46228', '46229']"
462_0,138967,['4620']
462_1,118319,['4621']
462_2,207739,"['4623', '4624']"
462_3,164436,"['4625', '4626', '4627', '4628', '4629']"
463_0,182148,"['4630', '4631']"
463_1,235624,"['4632', '4633', '4634', '4635']"
463_2,246483,"['4636', '4637', '4638', '4639']"
465_0,246777,"['4650', '4651', '4652', '4653']"
465_1,229427,"['4654', '4655', '4656', '4657', '4658', '4659']"
467_0,221114,"['4670', '4671', '4672', '4673', '4674', '4675']"
467_1,106906,"['4676', '4677', '4678', '4679']"
468_0,249688,"['4680', '4681', '4682']"
468_1,55721,"['4683', '4684', '4685', '4686', '4687', '4688', '4689']"
469_0,222406,"['4690', '4691', '4692', '4693', '4694', '4695', '4696']"
469_1,89187,"['4697', '4698', '4699']"
46_0,135257,['464']
46_1,145459,['466']
471_0,224562,"['4710', '4711', '4712', '4713', '4714', '4715']"
471_1,65920,"['4716', '4717', '4718', '4719']"
473_0,228468,"['4730', '4731', '4732', '4733', '4734', '4735', '4736']"
473_1,95103,"['4737', '4738', '4739']"
474_0,238555,"['4740', '4741', '4742', '4743', '4744', '4745']"
474_1,24823,"['4746', '4747', '4748', '4749']"
479_0,246063,"['4790', '4791', '4792', '4793', '4794', '4795']"
479_1,58020,"['4796', '4797', '4798', '4799']"
47_0,118347,['470']
47_1,207251,['472']
47_2,164098,['475']
47_3,126713,['476']
47_4,182901,['477']
47_5,186479,['478']
480_0,148799,"['4800', '4801', '4802']"
480_1,152030,['4803']
480_2,228985,"['4804', '4805']"
480_3,143300,['4806']
480_4,152536,['4807']
480_5,175309,['4808']
480_6,131577,['4809']
4818_0,229788,"['48180', '48181', '48182', '48183', '48184', '48185', '48186']"
4818_1,103805,"['48187', '48188', '48189']"
481_0,186545,['4810']
481_1,111123,['4811']
481_2,166654,['4812']
481_3,171429,"['4813', '4814']"
481_4,108269,['4815']
481_5,160810,['4816']
481_6,138437,['4817']
481_7,175032,['4819']
4822_0,248187,"['48220', '48221', '48222', '48223', '48224', '48225', '48226', '48227', '48228']"
4822_1,9556,['48229']
482_0,214570,['4820']
482_1,209862,['4821']
482_2,243094,"['4823', '4824', '4825', '4826', '4827', '4828', '4829']"
483_0,142691,['4830']
483_1,208260,['4831']
483_2,162738,['4832']
483_3,231936,"['4833', '4834', '4835']"
483_4,223529,"['4836', '4837', '4838', '4839']"
484_0,127533,"['4840', '4841', '4842']"
484_1,196067,"['4843', '4844']"
484_2,136079,"['4845', '4846', '4847', '4848', '4849']"
486_0,236279,"['4860', '4861', '4862']"
486_1,169176,"['4863', '4864', '4865', '4866', '4867', '4868', '4869']"
488_0,240729,"['4880', '4881', '4882', '4883']"
488_1,211963,"['4884', '4885']"
488_2,174209,"['4886', '4887', '4888', '4889']"
48_0,190175,['485']
48_1,211123,['487']
48_2,162150,['489']
490_0,152291,['4900']
490_1,249503,"['4901', '4902', '4903']"
490_2,192804,"['4904', '4905', '4906', '4907']"
490_3,150381,"['4908', '4909']"
492_0,246905,"['4920', '4921', '4922', '4923', '4924']"
492_1,104143,"['4925', '4926', '4927', '4928', '4929']"
493_0,236697,"['4930', '4931', '4932', '4933']"
493_1,87180,"['4934', '4935', '4936', '4937', '4938', '4939']"
494_0,129870,"['4940', '4941']"
494_1,193440,"['4942', '4943']"
494_2,235773,"['4944', '4945', '4946', '4947', '4948', '4949']"
495_0,239831,['4950']
495_1,163173,"['4951', '4952', '4953', '4954', '4955', '4956', '4957', '4958', '4959']"
496_0,178932,"['4960', '4961', '4962', '4963', '4964', '4965', '4966', '4967']"
496_1,88572,"['4968', '4969']"
49_0,109017,['491']
49_1,226819,['497']
49_2,181944,['498']
49_3,82003,['499']
503_0,184445,"['5030', '5031']"
503_1,100422,"['5032', '5033', '5034', '5035', '5036', '5037', '5038', '5039']"
50_0,224717,['500']
50_1,176519,['501']
50_2,214162,['502']
50_3,229100,"['504', '505']"
50_4,249161,"['506', '507']"
50_5,33811,"['508', '509']"
51_0,218288,"['510', '511', '512']"
51_1,243972,"['513', '514', '515']"
51_2,24140,"['516', '517', '518', '519']"
52_0,201167,"['520', '521']"
52_1,167983,['522']
52_2,155051,['523']
52_3,246472,"['524', '525']"
52_4,105807,['526']
52_5,169212,['527']
52_6,102516,"['528', '529']"
530_0,211283,"['5300', '5301', '5302', '5303']"
530_1,206388,"['5304', '5305', '5306', '5307']"
530_2,218163,"['5308', '5309']"
531_0,204377,"['5310', '5311', '5312', '5313']"
531_1,155884,['5314']
531_2,162368,"['5315', '5316', '5317']"
531_3,159794,"['5318', '5319']"
5321_0,247910,"['53210', '53211', '53212', '53213', '53214', '53215', '53216']"
5321_1,103697,"['53217', '53218', '53219']"
532_0,218138,['5320']
532_1,247567,"['5322', '5323', '5324', '5325', '5326', '5327', '5328', '5329']"
535_0,181220,"['5350', '5351', '5352', '5353']"
535_1,233076,"['5354', '5355', '5356', '5357']"
535_2,127469,"['5358', '5359']"
537_0,100669,['5370']
537_1,172271,"['5371', '5372', '5373', '5374', '5375', '5376', '5377', '5378', '5379']"
53_0,187108,"['533', '534', '536', '538']"
53_1,199412,['539']
541_0,247361,"['5410', '5411', '5412', '5413', '5414', '5415', '5416', '5417']"
541_1,2861,"['5418', '5419']"
544_0,228805,"['5440', '5441', '5442', '5443', '5444', '5445']"
544_1,160627,"['5446', '5447', '5448', '5449']"
547_0,234744,"['5470', '5471', '5472', '5473', '5474', '5475']"
547_1,26121,"['5476', '5477', '5478', '5479']"
549_0,220829,"['5490', '5491', '5492']"
549_1,223077,"['5493', '5494', '5495', '5496', '5497']"
549_2,35929,"['5498', '5499']"
54_0,147007,['540']
54_1,128819,['542']
54_2,179116,['543']
54_3,89566,['545']
54_4,245480,['546']
54_5,179876,['548']
550_0,216509,"['5500', '5501', '5502']"
550_1,216369,"['5503', '5504', '5505']"
550_2,231439,"['5506', '5507', '5508', '5509']"
5511_0,224758,"['55110', '55111', '55112', '55113', '55114', '55115', '55116', '55117', '55118']"
5511_1,38966,['55119']
551_0,222131,['5510']
551_1,249686,['5512']
551_2,17773,"['5513', '5514', '5515', '5516', '5517', '5518', '5519']"
553_0,175763,['5530']
553_1,171552,"['5531', '5532']"
553_2,236787,"['5533', '5534']"
553_3,137791,"['5535', '5536']"
553_4,230131,"['5537', '5538', '5539']"
554_0,176064,['5540']
554_1,222729,['5541']
554_2,234606,['5542']
554_3,199619,['5543']
554_4,189280,"['5544', '5545', '5546', '5547', '5548', '5549']"
559_0,233775,"['5590', '5591', '5592', '5593', '5594', '5595']"
559_1,93537,"['5596', '5597', '5598', '5599']"
55_0,185164,"['552', '555', '556', '557']"
55_1,116688,['558']
560_0,238621,"['5600', '5601', '5602', '5603', '5604', '5605', '5606', '5607', '5608']"
560_1,22752,['5609']
563_0,239628,"['5630', '5631', '5632', '5633', '5634', '5635', '5636']"
563_1,68568,"['5637', '5638', '5639']"
56_0,236829,"['561', '562']"
56_1,145014,['564']
56_2,170713,['565']
56_3,160899,"['566', '567', '568', '569']"
57_0,173342,['570']
57_1,233357,"['571', '572']"
57_2,214909,"['573', '574', '575', '576']"
57_3,191856,"['577', '578', '579']"
58_0,188046,"['580', '581']"
58_1,193912,"['582', '583', '584']"
58_2,176128,"['585', '586']"
58_3,113695,"['587', '588', '589']"
59_0,248255,"['590', '591', '592']"
59_1,195804,"['593', '594', '595']"
59_2,237967,"['596', '597']"
59_3,193123,['598']
59_4,114854,['599']
600_0,160726,['6000']
600_1,247226,['6001']
600_2,196173,"['6002', '6003']"
600_3,162333,['6004']
600_4,135291,['6005']
600_5,202724,['6006']
600_6,179754,['6007']
600_7,192674,['6008']
600_8,165702,['6009']
601_0,215809,['6010']
601_1,116206,['6011']
601_2,163908,['6012']
601_3,185379,['6013']
601_4,206799,"['6014', '6015']"
601_5,99593,['6016']
601_6,159610,['6017']
601_7,171649,['6018']
601_8,105050,['6019']
604_0,176195,['6040']
604_1,132694,['6041']
604_2,118880,['6042']
604_3,200438,['6043']
604_4,235823,['6044']
604_5,217420,['6045']
604_6,147074,['6046']
604_7,216444,"['6047', '6048', '6049']"
605_0,217721,['6050']
605_1,152849,['6051']
605_2,170620,"['6052', '6053']"
605_3,243781,"['6054', '6055']"
605_4,231850,"['6056', '6057', '6058', '6059']"
6061_0,214814,"['60610', '60611', '60612', '60613', '60614']"
6061_1,173191,"['60615', '60616', '60617']"
6061_2,155909,"['60618', '60619']"
6062_0,160676,"['60620', '60621', '60622']"
6062_1,208864,"['60623', '60624', '60625']"
6062_2,236257,"['60626', '60627', '60628', '60629']"
6063_0,186987,"['60630', '60631', '60632', '60633']"
6063_1,219743,"['60634', '60635', '60636', '60637', '60638']"
6063_2,90407,['60639']
6064_0,205885,"['60640', '60641', '60642', '60643']"
6064_1,208390,"['60644', '60645', '60646', '60647', '60648']"
6064_2,46650,['60649']
6065_0,206172,"['60650', '60651', '60652', '60653', '60654', '60655', '60656']"
6065_1,104100,"['60657', '60658', '60659']"
606_0,211895,['6060']
606_1,50544,"['6066', '6067', '6068', '6069']"
60_0,142059,"['602', '603']"
60_1,108575,['607']
60_2,154656,['608']
60_3,168998,['609']
610_0,211244,"['6100', '6101', '6102', '6103', '6104', '6105', '6106']"
610_1,102155,"['6107', '6108', '6109']"
618_0,242693,"['6180', '6181', '6182', '6183', '6184', '6185']"
618_1,49412,"['6186', '6187', '6188', '6189']"
61_0,235834,['611']
61_1,214424,['612']
61_2,152022,['613']
61_3,147277,['614']
61_4,207112,['615']
61_5,172902,['616']
61_6,234885,['617']
61_7,109606,['619']
620_0,241585,"['6200', '6201', '6202', '6203', '6204', '6205']"
620_1,65933,"['6206', '6207', '6208', '6209']"
622_0,185651,"['6220', '6221', '6222']"
622_1,242560,"['6223', '6224', '6225', '6226', '6227', '6228']"
622_2,38722,['6229']
62_0,112077,"['621', '623']"
62_1,150643,['624']
62_2,185430,['625']
62_3,164019,['626']
62_4,141894,['627']
62_5,212201,['628']
62_6,227133,['629']
630_0,157457,"['6300', '6301']"
630_1,167197,['6302']
630_2,202195,"['6303', '6304']"
630_3,192571,"['6305', '6306', '6307', '6308', '6309']"
6312_0,216726,"['63120', '63121', '63122', '63123', '63124', '63125', '63126', '63127', '63128']"
6312_1,52718,['63129']
631_0,120468,['6310']
631_1,241307,['6311']
631_2,216152,['6313']
631_3,80025,"['6314', '6315', '6316', '6317', '6318', '6319']"
633_0,183778,"['6330', '6331', '6332', '6333', '6334', '6335']"
633_1,221094,"['6336', '6337']"
633_2,76321,"['6338', '6339']"
63_0,130704,"['632', '634', '635']"
63_1,134199,['636']
63_2,249928,"['637', '638']"
63_3,84860,['639']
640_0,182957,"['6400', '6401', '6402', '6403', '6404']"
640_1,224654,"['6405', '6406']"
640_2,199497,"['6407', '6408', '6409']"
641_0,200196,"['6410', '6411']"
641_1,229453,"['6412', '6413', '6414']"
641_2,118546,"['6415', '6416', '6417', '6418', '6419']"
64_0,192280,"['642', '643', '644', '645']"
64_1,190034,"['646', '647']"
64_2,197024,"['648', '649']"
652_0,231231,"['6520', '6521', '6522', '6523', '6524', '6525', '6526']"
652_1,32937,"['6527', '6528', '6529']"
657_0,219505,"['6570', '6571', '6572', '6573', '6574', '6575', '6576']"
657_1,68461,"['6577', '6578', '6579']"
65_0,223287,"['650', '651']"
65_1,197286,"['653', '654']"
65_2,122938,['655']
65_3,211390,['656']
65_4,219752,"['658', '659']"
660_0,243997,"['6600', '6601', '6602', '6603', '6604']"
660_1,239183,"['6605', '6606', '6607', '6608', '6609']"
662_0,130580,['6620']
662_1,239632,"['6621', '6622', '6623', '6624', '6625', '6626', '6627', '6628', '6629']"
66_0,234869,"['661', '663', '664']"
66_1,128417,['665']
66_2,163415,['666']
66_3,204503,"['667', '668', '669']"
672_0,144664,['6720']
672_1,243289,"['6721', '6722']"
672_2,21703,"['6723', '6724', '6725', '6726', '6727', '6728', '6729']"
67_0,182176,['670']
67_1,177090,"['671', '673']"
67_2,137592,['674']
67_3,213646,"['675', '676', '677']"
67_4,148430,"['678', '679']"
681_0,233545,"['6810', '6811']"
681_1,92311,['6812']
681_2,230371,"['6813', '6814', '6815']"
681_3,28960,"['6816', '6817', '6818', '6819']"
685_0,200733,"['6850', '6851']"
685_1,65299,"['6852', '6853', '6854', '6855', '6856', '6857', '6858', '6859']"
68_0,197293,"['680', '682']"
68_1,226981,"['683', '684', '686']"
68_2,129342,['687']
68_3,237365,"['688', '689']"
6_0,184566,['69']
700_0,202538,"['7000', '7001', '7002', '7003', '7004']"
700_1,211643,"['7005', '7006']"
700_2,152828,"['7007', '7008', '7009']"
701_0,169377,"['7010', '7011']"
701_1,212956,"['7012', '7013', '7014', '7015', '7016', '7017', '7018', '7019']"
703_0,241428,"['7030', '7031', '7032', '7033', '7034', '7035', '7036', '7037', '7038']"
703_1,36752,['7039']
704_0,175646,"['7040', '7041', '7042', '7043']"
704_1,249461,"['7044', '7045', '7046', '7047', '7048', '7049']"
705_0,233870,"['7050', '7051']"
705_1,241122,"['7052', '7053', '7054', '7055', '7056']"
705_2,149283,"['7057', '7058', '7059']"
706_0,201936,"['7060', '7061', '7062', '7063', '7064', '7065']"
706_1,60780,"['7066', '7067', '7068', '7069']"
707_0,220207,"['7070', '7071', '7072', '7073', '7074', '7075']"
707_1,177206,"['7076', '7077', '7078', '7079']"
708_0,165161,['7080']
708_1,213748,"['7081', '7082', '7083', '7084', '7085', '7086', '7087', '7088', '7089']"
711_0,163875,['7110']
711_1,136827,"['7111', '7112', '7113', '7114', '7115', '7116', '7117', '7118', '7119']"
712_0,214921,"['7120', '7121', '7122', '7123', '7124', '7125', '7126']"
712_1,121185,"['7127', '7128', '7129']"
71_0,182175,['710']
71_1,203101,['713']
71_2,194804,"['714', '715']"
71_3,169043,['716']
71_4,236802,"['717', '718']"
71_5,170333,['719']
720_0,172142,"['7200', '7201', '7202']"
720_1,209309,"['7203', '7204', '7205', '7206', '7207', '7208', '7209']"
721_0,223997,"['7210', '7211', '7212', '7213']"
721_1,89001,"['7214', '7215', '7216', '7217', '7218', '7219']"
727_0,233987,"['7270', '7271', '7272', '7273', '7274']"
727_1,203846,"['7275', '7276', '7277', '7278', '7279']"
72_0,214454,['722']
72_1,175089,['723']
72_2,221414,['724']
72_3,244250,"['725', '726']"
72_4,123211,['728']
72_5,229164,['729']
730_0,225254,"['7300', '7301', '7302']"
730_1,220363,"['7303', '7304', '7305', '7306']"
730_2,226519,"['7307', '7308', '7309']"
731_0,91133,['7310']
731_1,172703,['7311']
731_2,247895,"['7312', '7313', '7314', '7315']"
731_3,128739,"['7316', '7317', '7318', '7319']"
73_0,92308,"['732', '733', '734']"
73_1,213981,['735']
73_2,227974,"['736', '737', '738', '739']"
740_0,65160,['7400']
740_1,234902,"['7401', '7402']"
740_2,200046,"['7403', '7404', '7405', '7406']"
740_3,89911,"['7407', '7408', '7409']"
741_0,232703,"['7410', '7411', '7412']"
741_1,180871,"['7413', '7414', '7415', '7416', '7417', '7418', '7419']"
74_0,130157,"['742', '743']"
74_1,225119,['744']
74_2,231737,"['745', '746', '747']"
74_3,198790,['748']
74_4,115344,['749']
7506_0,189797,"['75060', '75061', '75062', '75063', '75064', '75065', '75066']"
7506_1,130024,"['75067', '75068', '75069']"
750_0,182327,['7500']
750_1,90620,['7501']
750_2,227096,['7502']
750_3,187096,['7503']
750_4,247220,['7504']
750_5,238109,['7505']
750_6,242008,['7507']
750_7,182455,['7508']
750_8,162526,['7509']
751_0,241938,"['7510', '7511', '7512']"
751_1,181067,"['7513', '7514']"
751_2,245102,"['7515', '7516', '7517']"
751_3,76463,"['7518', '7519']"
7521_0,202526,"['75210', '75211', '75212', '75213', '75214', '75215', '75216']"
7521_1,124113,"['75217', '75218', '75219']"
7522_0,235850,"['75220', '75221', '75222', '75223', '75224', '75225', '75226', '75227', '75228']"
7522_1,31571,['75229']
752_0,165856,['7520']
752_1,216215,['7523']
752_2,238186,"['7524', '7525', '7526', '7527']"
752_3,49004,"['7528', '7529']"
754_0,242135,"['7540', '7541', '7542', '7543', '7544', '7545', '7546']"
754_1,94452,"['7547', '7548', '7549']"
756_0,225697,"['7560', '7561', '7562', '7563', '7564', '7565']"
756_1,109018,"['7566', '7567', '7568', '7569']"
757_0,207075,"['7570', '7571', '7572', '7573', '7574', '7575']"
757_1,140634,"['7576', '7577', '7578', '7579']"
759_0,226627,"['7590', '7591', '7592', '7593', '7594', '7595', '7596']"
759_1,32024,"['7597', '7598', '7599']"
75_0,126209,"['753', '755']"
75_1,127245,['758']
7601_0,215251,"['76010', '76011', '76012', '76013', '76014', '76015', '76016']"
7601_1,71662,"['76017', '76018', '76019']"
760_0,116729,['7600']
760_1,139731,['7602']
760_2,208239,"['7603', '7604']"
760_3,133463,['7605']
760_4,234269,"['7606', '7607', '7608']"
760_5,28764,['7609']
7611_0,227806,"['76110', '76111', '76112', '76113', '76114', '76115', '76116', '76117', '76118']"
7611_1,42761,['76119']
761_0,183566,['7610']
761_1,69236,['7612']
761_2,200776,['7613']
761_3,184136,"['7614', '7615', '7616', '7617', '7618', '7619']"
762_0,214438,"['7620', '7621', '7622', '7623']"
762_1,226736,"['7624', '7625', '7626', '7627', '7628', '7629']"
765_0,203937,"['7650', '7651', '7652', '7653']"
765_1,228594,"['7654', '7655', '7656']"
765_2,42754,"['7657', '7658', '7659']"
76_0,174646,['763']
76_1,143431,['764']
76_2,160604,['766']
76_3,172272,['767']
76_4,218404,"['768', '769']"
7703_0,228104,"['77030', '77031', '77032', '77033', '77034', '77035', '77036', '77037']"
7703_1,54275,"['77038', '77039']"
7704_0,241741,"['77040', '77041', '77042', '77043', '77044', '77045', '77046', '77047', '77048']"
7704_1,28521,['77049']
7706_0,237277,"['77060', '77061', '77062', '77063', '77064', '77065', '77066']"
7706_1,57164,"['77067', '77068', '77069']"
7707_0,237659,"['77070', '77071', '77072', '77073', '77074', '77075']"
7707_1,132011,"['77076', '77077', '77078', '77079']"
7708_0,213872,"['77080', '77081', '77082', '77083']"
7708_1,225279,"['77084', '77085', '77086', '77087', '77088']"
7708_2,48685,['77089']
7709_0,244704,"['77090', '77091', '77092', '77093', '77094', '77095', '77096', '77097']"
7709_1,60167,"['77098', '77099']"
770_0,204614,['7700']
770_1,244596,['7701']
770_2,243866,['7702']
770_3,204165,['7705']
773_0,197059,"['7730', '7731', '7732']"
773_1,202801,"['7733', '7734']"
773_2,179461,"['7735', '7736']"
773_3,228853,['7737']
773_4,222903,['7738']
773_5,43317,['7739']
774_0,216567,"['7740', '7741', '7742']"
774_1,210117,"['7743', '7744']"
774_2,187558,"['7745', '7746']"
774_3,184694,['7747']
774_4,217035,"['7748', '7749']"
775_0,145975,['7750']
775_1,213815,"['7751', '7752']"
775_2,178571,['7753']
775_3,215318,"['7754', '7755', '7756']"
775_4,137235,['7757']
775_5,247347,"['7758', '7759']"
776_0,231699,"['7760', '7761', '7762', '7763', '7764', '7765']"
776_1,39914,"['7766', '7767', '7768', '7769']"
778_0,243717,"['7780', '7781', '7782', '7783', '7784']"
778_1,55189,"['7785', '7786', '7787', '7788', '7789']"
77_0,142692,"['771', '772', '777']"
77_1,164221,['779']
780_0,178057,"['7800', '7801', '7802', '7803']"
780_1,248858,['7804']
780_2,110509,"['7805', '7806', '7807', '7808', '7809']"
781_0,161370,"['7810', '7811', '7812']"
781_1,221620,"['7813', '7814', '7815', '7816', '7817', '7818', '7819']"
7821_0,234543,"['78210', '78211', '78212', '78213', '78214', '78215', '78216', '78217']"
7821_1,47142,"['78218', '78219']"
7822_0,205351,"['78220', '78221', '78222', '78223', '78224', '78225', '78226', '78227']"
7822_1,87615,"['78228', '78229']"
7824_0,232823,"['78240', '78241', '78242', '78243', '78244', '78245', '78246', '78247', '78248']"
7824_1,49951,['78249']
7825_0,247751,"['78250', '78251', '78252', '78253', '78254', '78255', '78256', '78257', '78258']"
7825_1,22660,['78259']
782_0,174122,['7820']
782_1,232879,['7823']
782_2,60960,"['7826', '7827', '7828', '7829']"
784_0,59398,['7840']
784_1,247035,"['7841', '7842', '7843', '7844', '7845', '7846', '7847', '7848', '7849']"
7857_0,216538,"['78570', '78571', '78572', '78573', '78574', '78575', '78576']"
7857_1,87936,"['78577', '78578', '78579']"
785_0,165350,"['7850', '7851']"
785_1,195686,['7852']
785_2,198317,"['7853', '7854']"
785_3,143308,"['7855', '7856']"
785_4,174685,['7858']
785_5,82741,['7859']
786_0,185362,"['7860', '7861']"
786_1,178940,"['7862', '7863']"
786_2,190807,"['7864', '7865']"
786_3,248257,"['7866', '7867']"
786_4,50606,"['7868', '7869']"
7874_0,226576,"['78740', '78741', '78742', '78743', '78744', '78745', '78746', '78747', '78748']"
7874_1,34449,['78749']
787_0,146484,"['7870', '7871']"
787_1,160653,['7872']
787_2,137130,['7873']
787_3,235067,"['7875', '7876', '7877', '7878', '7879']"
78_0,231944,['783']
78_1,245302,"['788', '789']"
794_0,182982,"['7940', '7941']"
794_1,71300,"['7942', '7943', '7944', '7945', '7946', '7947', '7948', '7949']"
797_0,228633,"['7970', '7971', '7972', '7973', '7974', '7975']"
797_1,157493,"['7976', '7977', '7978', '7979']"
7993_0,201698,"['79930', '79931', '79932', '79933', '79934', '79935', '79936', '79937']"
7993_1,53520,"['79938', '79939']"
799_0,175290,['7990']
799_1,121778,['7991']
799_2,197349,"['7992', '7994', '7995', '7996', '7997', '7998', '7999']"
79_0,225016,['790']
79_1,220580,['791']
79_2,177696,"['792', '793']"
79_3,224441,"['795', '796']"
79_4,74994,['798']
8001_0,240152,"['80010', '80011', '80012', '80013', '80014']"
8001_1,148817,"['80015', '80016', '80017', '80018', '80019']"
800_0,122111,['8000']
800_1,192929,['8002']
800_2,73507,"['8003', '8004', '8005', '8006', '8007', '8008', '8009']"
8012_0,231371,"['80120', '80121', '80122', '80123', '80124', '80125', '80126', '80127']"
8012_1,61995,"['80128', '80129']"
801_0,204659,"['8010', '8011']"
801_1,143827,"['8013', '8014', '8015', '8016', '8017', '8018', '8019']"
8022_0,221359,"['80220', '80221', '80222', '80223', '80224', '80225', '80226', '80227', '80228']"
8022_1,49598,['80229']
802_0,153964,['8020']
802_1,216392,['8021']
802_2,224253,['8023']
802_3,124886,"['8024', '8025', '8026', '8027', '8028', '8029']"
805_0,165121,"['8050', '8051']"
805_1,177123,['8052']
805_2,147433,"['8053', '8054', '8055', '8056', '8057', '8058', '8059']"
806_0,244961,"['8060', '8061', '8062', '8063', '8064']"
806_1,9332,"['8065', '8066', '8067', '8068', '8069']"
809_0,177510,['8090']
809_1,219061,['8091']
809_2,129142,"['8092', '8093', '8094', '8095', '8096', '8097', '8098', '8099']"
80_0,120932,['803']
80_1,211649,['804']
80_2,184753,"['807', '808']"
81_0,230367,['810']
81_1,222044,"['811', '812', '813']"
81_2,228008,"['814', '815']"
81_3,152118,"['816', '817', '818', '819']"
82_0,222290,"['820', '821', '822', '823', '824']"
82_1,227485,"['825', '826', '827', '828']"
82_2,70485,['829']
836_0,162960,"['8360', '8361', '8362', '8363']"
836_1,195048,"['8364', '8365', '8366', '8367']"
836_2,75921,"['8368', '8369']"
837_0,184883,['8370']
837_1,71064,"['8371', '8372', '8373', '8374', '8375', '8376', '8377', '8378', '8379']"
83_0,216491,"['830', '831', '832']"
83_1,185903,['833']
83_2,200744,['834']
83_3,69033,['835']
83_4,248514,"['838', '839']"
840_0,203534,"['8400', '8401']"
840_1,135345,"['8402', '8403']"
840_2,204275,['8404']
840_3,240010,"['8405', '8406']"
840_4,121656,['8407']
840_5,131060,['8408']
840_6,203290,['8409']
841_0,199634,['8410']
841_1,216573,['8411']
841_2,177836,"['8412', '8413', '8414', '8415', '8416', '8417', '8418', '8419']"
846_0,209618,"['8460', '8461', '8462', '8463', '8464', '8465']"
846_1,78307,"['8466', '8467', '8468', '8469']"
84_0,176511,"['842', '843']"
84_1,242538,"['844', '845']"
84_2,223077,"['847', '848', '849']"
8502_0,227457,"['85020', '85021', '85022', '85023', '85024', '85025', '85026', '85027', '85028']"
8502_1,43233,['85029']
850_0,162781,['8500']
850_1,222005,['8501']
850_2,246854,['8503']
850_3,234501,['8504']
850_4,183799,"['8505', '8506', '8507', '8508', '8509']"
851_0,246397,"['8510', '8511', '8512', '8513']"
851_1,145747,"['8514', '8515', '8516', '8517', '8518', '8519']"
8520_0,219651,"['85200', '85201', '85202', '85203', '85204', '85205']"
8520_1,150037,"['85206', '85207', '85208', '85209']"
852_0,108716,['8521']
852_1,237560,"['8522', '8523']"
852_2,66729,['8524']
852_3,226907,['8525']
852_4,84781,"['8526', '8527']"
852_5,206241,['8528']
852_6,123589,['8529']
8530_0,197506,"['85300', '85301', '85302', '85303', '85304', '85305', '85306', '85307']"
8530_1,65361,"['85308', '85309']"
853_0,120960,"['8531', '8532']"
853_1,143359,['8533']
853_2,228037,"['8534', '8535']"
853_3,155632,['8536']
853_4,135407,['8537']
853_5,216964,"['8538', '8539']"
856_0,203656,"['8560', '8561', '8562', '8563']"
856_1,92875,"['8564', '8565', '8566', '8567', '8568', '8569']"
8571_0,244071,"['85710', '85711', '85712', '85713', '85714', '85715', '85716', '85717']"
8571_1,71356,"['85718', '85719']"
857_0,245403,"['8570', '8572', '8573']"
857_1,227594,['8574']
857_2,91959,"['8575', '8576', '8577', '8578', '8579']"
85_0,173099,"['854', '855', '858', '859']"
86_0,179367,"['860', '861', '862']"
86_1,208558,['863']
86_2,193625,['864']
86_3,62745,"['865', '866', '867', '868', '869']"
871_0,228282,['8710']
871_1,219188,['8711']
871_2,245593,"['8712', '8713']"
871_3,37719,"['8714', '8715', '8716', '8717', '8718', '8719']"
87_0,199596,"['870', '872']"
87_1,197660,"['873', '874']"
87_2,229936,"['875', '876']"
87_3,77508,"['877', '878', '879']"
880_0,222360,"['8800', '8801', '8802', '8803', '8804', '8805']"
880_1,50217,"['8806', '8807', '8808', '8809']"
88_0,70576,['881']
88_1,184020,['882']
88_2,93694,"['883', '884', '885', '886', '887', '888', '889']"
890_0,210980,"['8900', '8901', '8902']"
890_1,249037,"['8903', '8904', '8905']"
890_2,122278,"['8906', '8907', '8908', '8909']"
8910_0,234283,"['89100', '89101', '89102', '89103', '89104', '89105', '89106', '89107']"
8910_1,77893,"['89108', '89109']"
8911_0,228322,"['89110', '89111', '89112', '89113', '89114', '89115', '89116', '89117', '89118']"
8911_1,49445,['89119']
8912_0,226037,"['89120', '89121', '89122', '89123', '89124', '89125', '89126', '89127', '89128']"
8912_1,51252,['89129']
8914_0,222128,"['89140', '89141', '89142', '89143', '89144', '89145', '89146', '89147', '89148']"
8914_1,31143,['89149']
891_0,231357,"['8913', '8915', '8916']"
891_1,66790,"['8917', '8918', '8919']"
894_0,222713,"['8940', '8941', '8942', '8943']"
894_1,67363,"['8944', '8945', '8946', '8947', '8948', '8949']"
895_0,219807,"['8950', '8951']"
895_1,57089,"['8952', '8953', '8954', '8955', '8956', '8957', '8958', '8959']"
89_0,133308,"['892', '893', '896', '897', '898', '899']"
9000_0,236779,"['90000', '90001', '90002', '90003', '90004']"
9000_1,170113,"['90005', '90006', '90007', '90008', '90009']"
9001_0,247922,"['90010', '90011', '90012', '90013', '90014', '90015', '90016', '90017']"
9001_1,113768,"['90018', '90019']"
9002_0,245599,"['90020', '90021', '90022', '90023', '90024', '90025']"
9002_1,180351,"['90026', '90027', '90028', '90029']"
9003_0,220336,"['90030', '90031', '90032', '90033', '90034', '90035']"
9003_1,156572,"['90036', '90037', '90038', '90039']"
9004_0,236943,"['90040', '90041', '90042', '90043', '90044']"
9004_1,193546,"['90045', '90046', '90047', '90048', '90049']"
9006_0,244082,"['90060', '90061', '90062', '90063', '90064', '90065', '90066', '90067']"
9006_1,42769,"['90068', '90069']"
900_0,115615,"['9005', '9007', '9008', '9009']"
902_0,143009,"['9020', '9021']"
902_1,181816,"['9022', '9023']"
902_2,212529,['9024']
902_3,187765,['9025']
902_4,159532,['9026']
902_5,192735,['9027']
902_6,162813,"['9028', '9029']"
906_0,189948,"['9060', '9061']"
906_1,95820,['9062']
906_2,227173,"['9063', '9064']"
906_3,213288,"['9065', '9066', '9067', '9068', '9069']"
907_0,146695,['9070']
907_1,216621,"['9071', '9072']"
907_2,242849,"['9073', '9074']"
907_3,11074,"['9075', '9076', '9077', '9078', '9079']"
9080_0,247612,"['90800', '90801', '90802', '90803', '90804', '90805', '90806']"
9080_1,69713,"['90807', '90808', '90809']"
908_0,154627,"['9081', '9082', '9083', '9084', '9085', '9086', '9087', '9088', '9089']"
90_0,227265,"['901', '903', '904']"
90_1,174353,"['905', '909']"
910_0,235227,"['9100', '9101', '9102', '9103']"
910_1,48113,"['9104', '9105', '9106', '9107', '9108', '9109']"
9134_0,237914,"['91340', '91341', '91342', '91343', '91344']"
9134_1,18496,"['91345', '91346', '91347', '91348', '91349']"
913_0,197818,['9130']
913_1,236405,"['9131', '9132']"
913_2,180754,['9133']
913_3,204302,['9135']
913_4,178047,"['9136', '9137']"
913_5,110127,"['9138', '9139']"
914_0,235289,['9140']
914_1,69991,"['9141', '9142', '9143', '9144', '9145', '9146', '9147', '9148', '9149']"
9170_0,178621,"['91700', '91701', '91702', '91703', '91704', '91705', '91706', '91707', '91708']"
9170_1,74796,['91709']
9173_0,226538,"['91730', '91731', '91732', '91733', '91734', '91735', '91736', '91737', '91738']"
9173_1,34794,['91739']
9174_0,220718,"['91740', '91741', '91742', '91743', '91744', '91745', '91746', '91747']"
9174_1,45406,"['91748', '91749']"
9176_0,249688,"['91760', '91761', '91762', '91763', '91764', '91765']"
9176_1,154204,"['91766', '91767', '91768', '91769']"
917_0,194931,"['9171', '9172']"
917_1,124010,['9175']
917_2,157679,['9177']
917_3,154514,['9178']
917_4,108175,['9179']
919_0,40383,['9190']
919_1,242493,"['9191', '9192']"
919_2,194143,"['9193', '9194', '9195', '9196']"
919_3,67429,"['9197', '9198', '9199']"
91_0,166475,['911']
91_1,203173,['912']
91_2,106841,['915']
91_3,212915,['916']
91_4,83057,['918']
9202_0,221934,"['92020', '92021', '92022', '92023', '92024', '92025']"
9202_1,168063,"['92026', '92027', '92028', '92029']"
920_0,230212,"['9200', '9201', '9203']"
920_1,247296,"['9204', '9205']"
920_2,142317,['9206']
920_3,243320,"['9207', '9208', '9209']"
9210_0,244985,"['92100', '92101', '92102', '92103', '92104', '92105', '92106']"
9210_1,93296,"['92107', '92108', '92109']"
9211_0,191936,"['92110', '92111', '92112', '92113', '92114']"
9211_1,188204,"['92115', '92116', '92117', '92118', '92119']"
9212_0,244170,"['92120', '92121', '92122', '92123', '92124', '92125', '92126', '92127']"
9212_1,99026,"['92128', '92129']"
921_0,232751,"['9213', '9214', '9215', '9216', '9217', '9218', '9219']"
922_0,242235,"['9220', '9221', '9222']"
922_1,242607,"['9223', '9224']"
922_2,174959,"['9225', '9226']"
922_3,110262,"['9227', '9228', '9229']"
923_0,210357,"['9230', '9231']"
923_1,77540,['9232']
923_2,223099,['9233']
923_3,216877,"['9234', '9235', '9236']"
923_4,206404,"['9237', '9238']"
923_5,191908,['9239']
9250_0,206939,"['92500', '92501', '92502', '92503', '92504', '92505']"
9250_1,212199,"['92506', '92507', '92508', '92509']"
925_0,206881,"['9251', '9252', '9253', '9254']"
925_1,193933,['9255']
925_2,233304,"['9256', '9257']"
925_3,143572,['9258']
925_4,167447,['9259']
926_0,185331,"['9260', '9261']"
926_1,194819,['9262']
926_2,75194,['9263']
926_3,190249,['9264']
926_4,183242,"['9265', '9266']"
926_5,196851,['9267']
926_6,133539,['9268']
926_7,116748,['9269']
9270_0,207476,"['92700', '92701', '92702', '92703', '92704']"
9270_1,196659,"['92705', '92706', '92707', '92708', '92709']"
927_0,80773,"['9271', '9272', '9273', '9274', '9275', '9276', '9277', '9278', '9279']"
9280_0,190691,"['92800', '92801', '92802', '92803', '92804']"
9280_1,163784,"['92805', '92806', '92807', '92808', '92809']"
9288_0,233536,"['92880', '92881', '92882', '92883', '92884', '92885', '92886']"
9288_1,20006,"['92887', '92888', '92889']"
928_0,173879,"['9281', '9282', '9283']"
928_1,172782,"['9284', '9285']"
928_2,174671,['9286']
928_3,98778,"['9287', '9289']"
92_0,236660,"['924', '929']"
930_0,223556,"['9300', '9301']"
930_1,63117,['9302']
930_2,237584,"['9303', '9304', '9305']"
930_3,163722,"['9306', '9307', '9308', '9309']"
932_0,192837,"['9320', '9321', '9322']"
932_1,166808,"['9323', '9324']"
932_2,153560,"['9325', '9326']"
932_3,173580,"['9327', '9328']"
932_4,91881,['9329']
9330_0,245825,"['93300', '93301', '93302', '93303', '93304', '93305', '93306', '93307']"
9330_1,110856,"['93308', '93309']"
933_0,163516,"['9331', '9332', '9333', '9334', '9335', '9336', '9337', '9338', '9339']"
934_0,234197,"['9340', '9341', '9342', '9343']"
934_1,233670,"['9344', '9345']"
934_2,23677,"['9346', '9347', '9348', '9349']"
935_0,240666,"['9350', '9351', '9352', '9353']"
935_1,225514,"['9354', '9355']"
935_2,63095,"['9356', '9357', '9358', '9359']"
936_0,227129,"['9360', '9361', '9362']"
936_1,235407,"['9363', '9364']"
936_2,123573,"['9365', '9366', '9367', '9368', '9369']"
9372_0,203829,"['93720', '93721', '93722', '93723', '93724', '93725', '93726']"
9372_1,87563,"['93727', '93728', '93729']"
937_0,197950,['9370']
937_1,76874,"['9371', '9373', '9374', '9375', '9376', '9377', '9378', '9379']"
939_0,233632,"['9390', '9391', '9392']"
939_1,151454,"['9393', '9394', '9395', '9396', '9397', '9398', '9399']"
93_0,186133,"['931', '938']"
940_0,197376,"['9400', '9401']"
940_1,236216,"['9402', '9403', '9404', '9405']"
940_2,176493,"['9406', '9407']"
940_3,204457,"['9408', '9409']"
9411_0,216598,"['94110', '94111', '94112', '94113', '94114', '94115']"
9411_1,121186,"['94116', '94117', '94118', '94119']"
941_0,160949,['9410']
941_1,176851,['9412']
941_2,129717,"['9413', '9414', '9415', '9416', '9417', '9418', '9419']"
9453_0,242443,"['94530', '94531', '94532', '94533', '94534', '94535', '94536', '94537']"
9453_1,111179,"['94538', '94539']"
9454_0,243798,"['94540', '94541', '94542', '94543', '94544', '94545', '94546', '94547', '94548']"
9454_1,26864,['94549']
9455_0,194654,"['94550', '94551', '94552', '94553', '94554', '94555', '94556', '94557']"
9455_1,94014,"['94558', '94559']"
9456_0,241195,"['94560', '94561', '94562', '94563', '94564', '94565', '94566', '94567']"
9456_1,46214,"['94568', '94569']"
9458_0,230094,"['94580', '94581', '94582', '94583', '94584', '94585', '94586', '94587', '94588']"
9458_1,29876,['94589']
945_0,210337,['9450']
945_1,150175,['9451']
945_2,147219,['9452']
945_3,131258,['9457']
945_4,174782,['9459']
9460_0,238711,"['94600', '94601', '94602', '94603', '94604', '94605', '94606', '94607', '94608']"
9460_1,20596,['94609']
946_0,150171,"['9461', '9462', '9463', '9464', '9465', '9466', '9467', '9468', '9469']"
949_0,177170,"['9490', '9491', '9492', '9493']"
949_1,202390,"['9494', '9495', '9496', '9497', '9498', '9499']"
94_0,238221,"['942', '943', '944']"
94_1,138207,['947']
94_2,166367,['948']
950_0,187788,"['9500', '9501']"
950_1,106190,['9502']
950_2,172413,"['9503', '9504']"
950_3,228469,"['9505', '9506']"
950_4,123576,"['9507', '9508', '9509']"
9511_0,247511,"['95110', '95111', '95112', '95113', '95114', '95115', '95116', '95117', '95118']"
9511_1,9970,['95119']
9512_0,240781,"['95120', '95121', '95122', '95123', '95124']"
9512_1,217869,"['95125', '95126', '95127', '95128', '95129']"
951_0,212190,"['9510', '9513']"
951_1,45719,"['9514', '9515', '9516', '9517', '9518', '9519']"
952_0,240529,['9520']
952_1,238640,"['9521', '9522', '9523', '9524']"
952_2,21258,"['9525', '9526', '9527', '9528', '9529']"
9535_0,223686,"['95350', '95351', '95352', '95353', '95354', '95355', '95356', '95357']"
9535_1,31668,"['95358', '95359']"
953_0,186092,"['9530', '9531', '9532']"
953_1,221770,"['9533', '9534']"
953_2,243619,"['9536', '9537']"
953_3,116561,"['9538', '9539']"
954_0,213084,"['9540', '9541']"
954_1,216594,"['9542', '9543', '9544', '9545', '9546', '9547']"
954_2,78145,"['9548', '9549']"
956_0,249058,"['9560', '9561']"
956_1,176838,['9562']
956_2,215080,"['9563', '9564', '9565']"
956_3,145566,['9566']
956_4,139097,['9567']
956_5,243606,"['9568', '9569']"
957_0,212953,"['9570', '9571', '9572', '9573', '9574', '9575']"
957_1,94673,"['9576', '9577', '9578', '9579']"
9582_0,245667,"['95820', '95821', '95822', '95823', '95824', '95825']"
9582_1,139514,"['95826', '95827', '95828', '95829']"
958_0,108262,"['9580', '9581']"
958_1,190386,['9583']
958_2,118749,"['9584', '9585', '9586', '9587', '9588', '9589']"
959_0,207456,"['9590', '9591', '9592', '9593', '9594']"
959_1,232539,"['9595', '9596', '9597', '9598']"
959_2,76660,['9599']
95_0,166360,['955']
960_0,241915,"['9600', '9601', '9602', '9603', '9604', '9605', '9606', '9607']"
960_1,58023,"['9608', '9609']"
967_0,244348,"['9670', '9671', '9672']"
967_1,237921,"['9673', '9674']"
967_2,149834,"['9675', '9676', '9677']"
967_3,142417,['9678']
967_4,178351,['9679']
9681_0,227654,"['96810', '96811', '96812', '96813', '96814', '96815', '96816', '96817', '96818']"
9681_1,49492,['96819']
968_0,130284,"['9680', '9682', '9683', '9684', '9685', '9686', '9687', '9688', '9689']"
96_0,117236,"['961', '962', '963', '964', '965', '966', '969']"
970_0,201867,['9700']
970_1,219743,"['9701', '9702', '9703']"
970_2,221026,"['9704', '9705', '9706']"
970_3,128644,"['9707', '9708', '9709']"
971_0,222147,"['9710', '9711', '9712']"
971_1,97154,"['9713', '9714', '9715', '9716', '9717', '9718', '9719']"
972_0,156558,['9720']
972_1,235976,['9721']
972_2,239165,['9722']
972_3,210012,"['9723', '9724', '9725', '9726', '9727', '9728', '9729']"
973_0,249657,"['9730', '9731']"
973_1,212528,"['9732', '9733', '9734', '9735']"
973_2,135381,"['9736', '9737', '9738', '9739']"
974_0,219115,"['9740', '9741']"
974_1,175600,"['9742', '9743', '9744', '9745', '9746']"
974_2,161028,"['9747', '9748', '9749']"
975_0,243152,"['9750', '9751', '9752']"
975_1,41244,"['9753', '9754', '9755', '9756', '9757', '9758', '9759']"
97_0,71254,['976']
97_1,212173,['977']
97_2,177741,"['978', '979']"
9803_0,241837,"['98030', '98031', '98032', '98033', '98034', '98035', '98036', '98037']"
9803_1,34142,"['98038', '98039']"
980_0,239033,['9800']
980_1,102863,['9801']
980_2,226002,['9802']
980_3,106542,['9804']
980_4,235327,"['9805', '9806']"
980_5,162776,"['9807', '9808', '9809']"
981_0,221033,['9810']
981_1,207684,['9811']
981_2,224643,"['9812', '9813', '9814']"
981_3,207457,"['9815', '9816', '9817', '9818', '9819']"
982_0,168159,"['9820', '9821']"
982_1,230928,"['9822', '9823']"
982_2,138281,"['9824', '9825', '9826']"
982_3,249350,"['9827', '9828']"
982_4,90767,['9829']
983_0,240218,"['9830', '9831', '9832', '9833', '9834']"
983_1,148730,"['9835', '9836']"
983_2,162860,['9837']
983_3,161800,"['9838', '9839']"
984_0,214804,"['9840', '9841', '9842', '9843']"
984_1,185311,"['9844', '9845', '9846', '9847', '9848', '9849']"
985_0,241456,"['9850', '9851', '9852']"
985_1,234098,"['9853', '9854', '9855', '9856', '9857', '9858', '9859']"
986_0,227225,"['9860', '9861', '9862', '9863', '9864', '9865']"
986_1,191810,"['9866', '9867']"
986_2,154295,"['9868', '9869']"
989_0,203780,"['9890', '9891', '9892', '9893']"
989_1,80875,"['9894', '9895', '9896', '9897', '9898', '9899']"
98_0,219761,"['987', '988']"
992_0,218781,['9920']
992_1,124075,"['9921', '9922', '9923', '9924', '9925', '9926', '9927', '9928', '9929']"
993_0,224771,"['9930', '9931', '9932', '9933', '9934']"
993_1,124213,"['9935', '9936', '9937', '9938', '9939']"
995_0,184878,['9950']
995_1,135782,"['9951', '9952', '9953', '9954', '9955', '9956', '9957', '9958', '9959']"
99_0,142008,['990']
99_1,136934,"['991', '994']"
99_2,184083,['996']
99_3,205187,"['997', '998', '999']"
